{"nodes":null,"selection":null,"view":{"scroll":{"x":119.320289611816406,"y":-52.6121406555175781},"visible_rect":{"max":{"x":421.87200927734375,"y":50.5462303161621094},"min":{"x":103.2952880859375,"y":-45.54620361328125}},"zoom":1.15513777732849121}}