{"nodes":null,"selection":null,"view":{"scroll":{"x":119.320289611816406,"y":-48.6121330261230469},"visible_rect":{"max":{"x":421.87200927734375,"y":47.0834465026855469},"min":{"x":103.2952880859375,"y":-42.0834083557128906}},"zoom":1.15513777732849121}}